,s,a,x,r
0,5.0,-3.0,2.0,0.7306252939217235
1,2.0,-2.0,1.0,0.41868463123921595
2,1.0,-3.0,0.0,0.0
3,0.0,2.0,2.0,0.6528805731545725
4,2.0,-5.0,0.0,0.0
5,0.0,-4.0,0.0,0.0
6,0.0,-4.0,0.0,0.0
7,0.0,-5.0,0.0,0.0
8,0.0,2.0,2.0,0.7510477687944259
9,2.0,3.0,5.0,0.9625944639444226
10,5.0,1.0,7.0,0.7095920318903051
11,7.0,-3.0,5.0,0.9990756308306622
12,5.0,1.0,6.0,0.934775838030939
13,6.0,0.0,6.0,0.9328065690016445
14,6.0,-5.0,1.0,0.4942751897544865
15,1.0,-4.0,0.0,0.0
16,0.0,2.0,2.0,0.6528204307831353
17,2.0,-3.0,0.0,0.0
18,0.0,-2.0,0.0,0.0
19,0.0,-1.0,0.0,0.0
20,0.0,0.0,0.0,0.10443512518864828
21,0.0,0.0,0.0,0.11025387141145737
22,0.0,3.0,3.0,0.9113911031738094
23,3.0,4.0,8.0,0.6096360717083547
24,8.0,-3.0,5.0,0.9764352446854985
25,5.0,-3.0,3.0,0.8435925955806904
26,3.0,-3.0,0.0,0.10550737404606536
27,0.0,-1.0,0.0,0.0
28,0.0,1.0,1.0,0.6066365006378343
29,1.0,-3.0,0.0,0.0
30,0.0,3.0,3.0,0.8632492734346215
31,3.0,-4.0,0.0,0.0
32,0.0,3.0,3.0,0.8949502068838802
33,3.0,4.0,7.0,0.6488112875344856
34,7.0,3.0,10.0,0.0
35,10.0,4.0,10.0,0.0
36,10.0,3.0,10.0,0.0
37,10.0,2.0,10.0,0.0
38,10.0,0.0,10.0,0.0
39,10.0,1.0,10.0,0.0
40,10.0,-5.0,5.0,0.9746746088443727
41,5.0,2.0,8.0,0.44231799139318884
42,8.0,-3.0,6.0,0.9545597731680983
43,6.0,-5.0,1.0,0.46874054579818525
44,1.0,4.0,6.0,0.9411420696756148
45,6.0,-4.0,3.0,0.858602226978056
46,3.0,-1.0,2.0,0.7591877285872899
47,2.0,4.0,6.0,0.8813905010847483
48,6.0,3.0,10.0,0.0
49,10.0,4.0,10.0,0.0
50,10.0,-3.0,7.0,0.7904794677332361
51,7.0,-4.0,3.0,0.9586691316551542
52,3.0,1.0,5.0,0.9819597255880408
53,5.0,-3.0,3.0,0.9121398883199422
54,3.0,-2.0,1.0,0.5435260193561686
55,1.0,-5.0,0.0,0.0
56,0.0,-5.0,0.0,0.0
57,0.0,1.0,1.0,0.6218836617438263
58,1.0,-4.0,0.0,0.0
59,0.0,-3.0,0.0,0.0
60,0.0,-4.0,0.0,0.0
61,0.0,-2.0,0.0,0.0
62,0.0,-1.0,0.0,0.0
63,0.0,4.0,4.0,0.9952740055617683
64,4.0,0.0,5.0,0.9870640823262882
65,5.0,4.0,9.0,0.1048403401542084
66,9.0,4.0,10.0,0.0
67,10.0,-2.0,8.0,0.6149917780040963
68,8.0,0.0,8.0,0.45677440155410487
69,8.0,-2.0,6.0,0.8481493056902506
70,6.0,1.0,8.0,0.6081063516297021
71,8.0,1.0,10.0,0.0
72,10.0,0.0,10.0,0.0
73,10.0,2.0,10.0,0.0
74,10.0,-5.0,5.0,0.9920916078823894
75,5.0,0.0,6.0,0.9294435415981351
76,6.0,3.0,9.0,0.165049631320363
77,9.0,-2.0,7.0,0.6911548988607019
78,7.0,3.0,10.0,0.0
79,10.0,1.0,10.0,0.0
80,10.0,0.0,10.0,0.0
81,10.0,4.0,10.0,0.0
82,10.0,4.0,10.0,0.0
83,10.0,1.0,10.0,0.0
84,10.0,-4.0,6.0,0.9437291413576558
85,6.0,-3.0,3.0,0.944987436528951
86,3.0,4.0,8.0,0.5483323376808144
87,8.0,-1.0,7.0,0.7468554137710934
88,7.0,2.0,10.0,0.0
89,10.0,0.0,10.0,0.0
90,10.0,3.0,10.0,0.0
91,10.0,-4.0,6.0,0.896813081730924
92,6.0,4.0,10.0,0.0
93,10.0,1.0,10.0,0.0
94,10.0,3.0,10.0,0.0
95,10.0,3.0,10.0,0.0
96,10.0,3.0,10.0,0.0
97,10.0,4.0,10.0,0.0
98,10.0,1.0,10.0,0.0
99,10.0,1.0,10.0,0.0
100,10.0,0.0,10.0,0.0
101,10.0,-4.0,6.0,0.9221012340662214
102,6.0,3.0,9.0,0.2223086055087533
103,9.0,4.0,10.0,0.0
104,10.0,1.0,10.0,0.0
105,10.0,0.0,10.0,0.0
106,10.0,-3.0,7.0,0.668416041197789
107,7.0,-3.0,5.0,0.998220829772478
108,5.0,2.0,7.0,0.7885765188576475
109,7.0,2.0,9.0,0.2585540060486997
110,9.0,3.0,10.0,0.0
111,10.0,-2.0,8.0,0.6001191237523531
112,8.0,-4.0,4.0,0.9999225558776297
113,4.0,-2.0,3.0,0.9544535974559121
114,3.0,1.0,5.0,0.9968291502236801
115,5.0,-4.0,2.0,0.6634443222658137
116,2.0,-3.0,0.0,0.0
117,0.0,-3.0,0.0,0.0
118,0.0,-4.0,0.0,0.0
119,0.0,4.0,4.0,0.9886758802434162
120,4.0,-5.0,0.0,0.0
121,0.0,4.0,4.0,0.9706732402399691
122,4.0,-3.0,1.0,0.46282809223537635
123,1.0,-3.0,0.0,0.0
124,0.0,-5.0,0.0,0.0
125,0.0,2.0,2.0,0.7925740952989363
126,2.0,3.0,6.0,0.952006251921085
127,6.0,0.0,7.0,0.8333827611788235
128,7.0,4.0,10.0,0.0
129,10.0,-2.0,8.0,0.5809843446196363
130,8.0,2.0,10.0,0.0
131,10.0,-1.0,9.0,0.2627038957403681
132,9.0,-5.0,4.0,0.9920247856189637
133,4.0,-2.0,3.0,0.8936035254520661
134,3.0,3.0,7.0,0.7915456197988179
135,7.0,2.0,9.0,0.23330330594937698
136,9.0,-1.0,9.0,0.31525641822760986
137,9.0,3.0,10.0,0.0
138,10.0,0.0,10.0,0.0
139,10.0,3.0,10.0,0.0
140,10.0,4.0,10.0,0.0
141,10.0,-2.0,8.0,0.4895482976724478
142,8.0,-5.0,3.0,0.9374435353680312
143,3.0,-3.0,1.0,0.48964086742223933
144,1.0,0.0,1.0,0.5804019490527381
145,1.0,-4.0,0.0,0.0
146,0.0,0.0,0.0,0.16764789594622964
147,0.0,3.0,4.0,0.9661847222180538
148,4.0,0.0,4.0,0.992903065771388
149,4.0,-2.0,2.0,0.7882683767829004
150,2.0,2.0,4.0,0.9987883553452043
151,4.0,1.0,6.0,0.89275045103767
152,6.0,1.0,8.0,0.595955113932489
153,8.0,-5.0,3.0,0.86863895401215
154,3.0,2.0,5.0,0.969571757834378
155,5.0,-2.0,4.0,0.9977151029203096
156,4.0,-1.0,4.0,0.987194387011894
157,4.0,-4.0,0.0,0.17223420877304196
158,0.0,3.0,4.0,0.9778420162103579
159,4.0,1.0,5.0,0.9854318468987907
160,5.0,2.0,8.0,0.6282236312984218
161,8.0,2.0,10.0,0.0
162,10.0,2.0,10.0,0.0
163,10.0,-1.0,9.0,0.13999897117007054
164,9.0,-2.0,7.0,0.6672162380400389
165,7.0,4.0,10.0,0.0
166,10.0,0.0,10.0,0.0
167,10.0,-5.0,5.0,0.999624473729666
168,5.0,-3.0,3.0,0.8543551544653777
169,3.0,-3.0,0.0,0.22202483074097312
170,0.0,-4.0,0.0,0.0
171,0.0,-5.0,0.0,0.0
172,0.0,1.0,1.0,0.3873305471962113
173,1.0,0.0,1.0,0.522954172525093
174,1.0,-2.0,0.0,0.0
175,0.0,4.0,4.0,0.994886351575182
176,4.0,1.0,6.0,0.950139639858845
177,6.0,0.0,6.0,0.8456064192828634
178,6.0,3.0,9.0,0.004456436651544049
179,9.0,4.0,10.0,0.0
180,10.0,0.0,10.0,0.0
181,10.0,4.0,10.0,0.0
182,10.0,2.0,10.0,0.0
183,10.0,-4.0,6.0,0.8788402607222005
184,6.0,-4.0,3.0,0.8515356363397598
185,3.0,1.0,4.0,0.9999126542354517
186,4.0,0.0,5.0,0.99899639791372
187,5.0,3.0,8.0,0.542437655076387
188,8.0,-3.0,5.0,0.9932151907496121
189,5.0,-2.0,4.0,0.9724578836922672
190,4.0,3.0,8.0,0.6378812730557651
191,8.0,4.0,10.0,0.0
192,10.0,2.0,10.0,0.0
193,10.0,0.0,10.0,0.0
194,10.0,-5.0,5.0,0.9676783259224743
195,5.0,0.0,6.0,0.85696848954592
196,6.0,0.0,7.0,0.7611336606528768
197,7.0,-3.0,5.0,0.9948662395771202
198,5.0,-5.0,1.0,0.40609733700295925
199,1.0,-1.0,0.0,0.2898395773748622
200,0.0,-1.0,0.0,0.04143602479023145
201,0.0,-2.0,0.0,0.0
202,0.0,1.0,1.0,0.6069227218755004
203,1.0,-3.0,0.0,0.0
204,0.0,-4.0,0.0,0.0
205,0.0,-1.0,0.0,0.0
206,0.0,-2.0,0.0,0.0
207,0.0,-5.0,0.0,0.0
208,0.0,0.0,0.0,0.2590566382612288
209,0.0,4.0,5.0,0.9919169110794429
210,5.0,-4.0,1.0,0.573729656478473
211,1.0,-5.0,0.0,0.0
212,0.0,1.0,1.0,0.3715367560785622
213,1.0,-3.0,0.0,0.0
214,0.0,-2.0,0.0,0.0
215,0.0,2.0,2.0,0.6941720496141659
216,2.0,-3.0,0.0,0.052934992586633034
217,0.0,0.0,0.0,0.2991461538060872
218,0.0,-4.0,0.0,0.0
219,0.0,-1.0,0.0,0.0
220,0.0,-5.0,0.0,0.0
221,0.0,-1.0,0.0,0.0
222,0.0,-3.0,0.0,0.0
223,0.0,-4.0,0.0,0.0
224,0.0,3.0,3.0,0.8733750491329648
225,3.0,0.0,4.0,0.967813029797747
226,4.0,-4.0,1.0,0.36242687275670615
227,1.0,-1.0,0.0,0.19440157904396171
228,0.0,-4.0,0.0,0.0
229,0.0,-5.0,0.0,0.0
230,0.0,1.0,1.0,0.5212399276199957
231,1.0,-2.0,0.0,0.14898834168629116
232,0.0,-4.0,0.0,0.0
233,0.0,-1.0,0.0,0.0
234,0.0,-1.0,0.0,0.0
235,0.0,-4.0,0.0,0.0
236,0.0,-5.0,0.0,0.0
237,0.0,3.0,3.0,0.8886028583379052
238,3.0,4.0,7.0,0.6504287958646648
239,7.0,3.0,10.0,0.0
240,10.0,1.0,10.0,0.0
241,10.0,0.0,10.0,0.0
242,10.0,-2.0,8.0,0.4073693409621004
243,8.0,-1.0,8.0,0.5056107390940262
244,8.0,-4.0,5.0,0.9901736022192161
245,5.0,-3.0,2.0,0.7701111649700212
246,2.0,-5.0,0.0,0.0
247,0.0,-4.0,0.0,0.0
248,0.0,-5.0,0.0,0.0
249,0.0,-5.0,0.0,0.0
250,0.0,-5.0,0.0,0.0
251,0.0,-1.0,0.0,0.0
252,0.0,1.0,1.0,0.3883185628537922
253,1.0,1.0,3.0,0.8426200307873184
254,3.0,1.0,4.0,0.9998255737777848
255,4.0,0.0,5.0,0.9854721769551034
256,5.0,-4.0,1.0,0.5697171804008865
257,1.0,3.0,5.0,0.9999334962367488
258,5.0,4.0,9.0,0.33518801726031533
259,9.0,1.0,10.0,0.0
260,10.0,1.0,10.0,0.0
261,10.0,3.0,10.0,0.0
262,10.0,-1.0,9.0,0.2571151945406942
263,9.0,-2.0,7.0,0.7341214422290421
264,7.0,-3.0,5.0,0.9997642330980661
265,5.0,-3.0,2.0,0.6765710840612892
266,2.0,-1.0,1.0,0.47643183501555375
267,1.0,3.0,4.0,0.9921822541301427
268,4.0,-1.0,3.0,0.943014796485325
269,3.0,-4.0,0.0,0.24840424510423487
270,0.0,-4.0,0.0,0.0
271,0.0,2.0,2.0,0.6651014284333632
272,2.0,-3.0,0.0,0.0
273,0.0,-2.0,0.0,0.0
274,0.0,3.0,3.0,0.8683155672491113
275,3.0,2.0,5.0,0.9705263087380139
276,5.0,0.0,6.0,0.9106406917135434
277,6.0,-5.0,1.0,0.6079376045161319
278,1.0,1.0,3.0,0.880480672710191
279,3.0,4.0,8.0,0.6395965741677305
280,8.0,-5.0,3.0,0.9358252373009858
281,3.0,0.0,4.0,0.9726423668515873
282,4.0,4.0,8.0,0.44723790136825603
283,8.0,-4.0,5.0,0.9974636464432429
284,5.0,-5.0,1.0,0.41860678263819806
285,1.0,3.0,4.0,0.9759482280852527
286,4.0,4.0,9.0,0.3104488764847113
287,9.0,-2.0,7.0,0.7913379773519243
288,7.0,-1.0,6.0,0.8577851086809256
289,6.0,1.0,8.0,0.5084885531769239
290,8.0,-3.0,6.0,0.9287364051911656
291,6.0,-1.0,5.0,0.9847360390255167
292,5.0,2.0,7.0,0.6503060998154242
293,7.0,-4.0,4.0,0.9929816755563666
294,4.0,-3.0,1.0,0.6014448177733183
295,1.0,-1.0,1.0,0.5198823055616937
296,1.0,3.0,5.0,0.9956337006937956
297,5.0,-4.0,2.0,0.6978530587142029
298,2.0,0.0,3.0,0.840051992629939
299,3.0,3.0,6.0,0.9384653339190048
300,6.0,2.0,8.0,0.4244914595495335
301,8.0,-5.0,4.0,0.978871951200586
302,4.0,-5.0,0.0,0.0
303,0.0,1.0,1.0,0.49648295402846454
304,1.0,4.0,5.0,0.9719302131174541
305,5.0,1.0,7.0,0.8356597682070507
306,7.0,-5.0,2.0,0.8028730190112328
307,2.0,-4.0,0.0,0.0
308,0.0,-2.0,0.0,0.0
309,0.0,0.0,0.0,0.14133435595175692
310,0.0,0.0,1.0,0.4340442856693314
311,1.0,-2.0,0.0,0.0
312,0.0,-5.0,0.0,0.0
313,0.0,3.0,3.0,0.9456812854244848
314,3.0,-4.0,0.0,0.14769101681584051
315,0.0,3.0,4.0,0.984151635117378
316,4.0,3.0,7.0,0.7205674573779532
317,7.0,-2.0,6.0,0.9069924064213843
318,6.0,-3.0,4.0,0.9888126220854002
319,4.0,0.0,4.0,0.9950018927223179
320,4.0,-1.0,4.0,0.9761150689859603
321,4.0,-5.0,0.0,0.0
322,0.0,-4.0,0.0,0.0
323,0.0,-2.0,0.0,0.0
324,0.0,-1.0,0.0,0.0
325,0.0,4.0,4.0,0.9843828179230253
326,4.0,-4.0,0.0,0.3096872638485355
327,0.0,1.0,2.0,0.7506893362860816
328,2.0,-5.0,0.0,0.0
329,0.0,4.0,4.0,0.9815508185815673
330,4.0,2.0,7.0,0.8153127737917424
331,7.0,2.0,9.0,0.11959721489024067
332,9.0,3.0,10.0,0.0
333,10.0,2.0,10.0,0.0
334,10.0,2.0,10.0,0.0
335,10.0,3.0,10.0,0.0
336,10.0,-4.0,6.0,0.9135084696886163
337,6.0,3.0,10.0,0.0
338,10.0,0.0,10.0,0.0
339,10.0,-2.0,8.0,0.4225590907367496
340,8.0,4.0,10.0,0.0
341,10.0,-5.0,5.0,0.9999831951947794
342,5.0,-5.0,0.0,0.26665022751912026
343,0.0,-3.0,0.0,0.0
344,0.0,-1.0,0.0,0.0
345,0.0,1.0,1.0,0.6212476849888715
346,1.0,-5.0,0.0,0.0
347,0.0,-5.0,0.0,0.0
348,0.0,1.0,1.0,0.6315072269025422
349,1.0,3.0,5.0,0.9870554379056832
350,5.0,-2.0,4.0,0.9700670159529187
351,4.0,3.0,7.0,0.7757131429984683
352,7.0,0.0,7.0,0.7686292742058994
353,7.0,0.0,7.0,0.7552508142853578
354,7.0,2.0,10.0,0.0
355,10.0,0.0,10.0,0.0
356,10.0,-2.0,8.0,0.41385787445120814
357,8.0,0.0,9.0,0.147663770962706
358,9.0,-2.0,8.0,0.5406447311644708
359,8.0,3.0,10.0,0.0
360,10.0,-5.0,5.0,0.9712929690473148
361,5.0,1.0,7.0,0.7110115313665593
362,7.0,-4.0,4.0,0.9925055490946453
363,4.0,2.0,6.0,0.861120718379882
364,6.0,2.0,9.0,0.3535593489288119
365,9.0,1.0,10.0,0.0
366,10.0,-3.0,7.0,0.8286164434496353
367,7.0,4.0,10.0,0.0
368,10.0,3.0,10.0,0.0
369,10.0,-4.0,6.0,0.915155415157864
370,6.0,-4.0,2.0,0.8331301520396381
371,2.0,3.0,6.0,0.9299274613990248
372,6.0,-5.0,2.0,0.6821414450953115
373,2.0,4.0,6.0,0.9171508674586417
374,6.0,2.0,9.0,0.2878015541171409
375,9.0,-2.0,8.0,0.6114544248864204
376,8.0,-4.0,4.0,0.9995330816458431
377,4.0,-3.0,2.0,0.7750446709720422
378,2.0,-1.0,2.0,0.7577949978340646
379,2.0,2.0,5.0,0.9961502580964597
380,5.0,0.0,6.0,0.9474476126960757
381,6.0,0.0,7.0,0.8229380243900568
382,7.0,-3.0,4.0,0.9799587098546181
383,4.0,-3.0,1.0,0.4514646380941656
384,1.0,-3.0,0.0,0.0
385,0.0,0.0,0.0,0.10154030691906857
386,0.0,-1.0,0.0,0.0842377793474588
387,0.0,1.0,2.0,0.6416202571864926
388,2.0,-3.0,0.0,0.0
389,0.0,-2.0,0.0,0.0
390,0.0,2.0,2.0,0.6710417927224628
391,2.0,0.0,2.0,0.8085044347388253
392,2.0,0.0,3.0,0.876246913730946
393,3.0,-4.0,0.0,0.0
394,0.0,2.0,2.0,0.6547912034908316
395,2.0,1.0,3.0,0.9528591891701369
396,3.0,1.0,5.0,0.9867228579359802
397,5.0,4.0,9.0,0.05103585588600368
398,9.0,3.0,10.0,0.0
399,10.0,2.0,10.0,0.0
400,10.0,0.0,10.0,0.0
401,10.0,-1.0,9.0,0.09647873235289672
402,9.0,-2.0,8.0,0.5491485231024789
403,8.0,3.0,10.0,0.0
404,10.0,2.0,10.0,0.0
405,10.0,1.0,10.0,0.0
406,10.0,-4.0,6.0,0.8950831974682925
407,6.0,1.0,7.0,0.6531228412719179
408,7.0,0.0,8.0,0.4290911291254391
409,8.0,-4.0,5.0,0.995374347414579
410,5.0,4.0,9.0,0.13097922556210229
411,9.0,0.0,9.0,0.06187172556579157
412,9.0,1.0,10.0,0.0
413,10.0,0.0,10.0,0.0
414,10.0,0.0,10.0,0.0
415,10.0,4.0,10.0,0.0
416,10.0,2.0,10.0,0.0
417,10.0,2.0,10.0,0.0
418,10.0,-5.0,5.0,0.9690012554076892
419,5.0,-1.0,5.0,0.9829942198359483
420,5.0,2.0,8.0,0.5832409175807223
421,8.0,-5.0,4.0,0.9710730316256542
422,4.0,-2.0,2.0,0.7189539376393118
423,2.0,-2.0,0.0,0.33814473971251957
424,0.0,1.0,2.0,0.6721916867148925
425,2.0,3.0,5.0,0.9926857776008667
426,5.0,-2.0,4.0,0.9815931770633548
427,4.0,-5.0,0.0,0.12409518184174861
428,0.0,-2.0,0.0,0.0
429,0.0,3.0,3.0,0.9126626059708828
430,3.0,-3.0,1.0,0.45667331399731825
431,1.0,3.0,4.0,0.9959368332127
432,4.0,0.0,5.0,0.9905161316209685
433,5.0,-1.0,4.0,0.9978837135112881
434,4.0,-2.0,2.0,0.8210687517051551
435,2.0,1.0,4.0,0.9946106133289323
436,4.0,-3.0,2.0,0.6602727611256787
437,2.0,2.0,4.0,0.9948572047029796
438,4.0,-4.0,1.0,0.4677818362941445
439,1.0,0.0,1.0,0.5112293787270359
440,1.0,-1.0,1.0,0.3785120745649021
441,1.0,-5.0,0.0,0.0
442,0.0,-4.0,0.0,0.0
443,0.0,-1.0,0.0,0.0
444,0.0,3.0,3.0,0.8507928697074533
445,3.0,1.0,4.0,0.9768082687300554
446,4.0,-1.0,3.0,0.9128854523399057
447,3.0,1.0,4.0,0.9976284025800684
448,4.0,-2.0,2.0,0.8191042638663182
449,2.0,2.0,5.0,0.987918039358251
450,5.0,3.0,9.0,0.1778129422692314
451,9.0,3.0,10.0,0.0
452,10.0,0.0,10.0,0.0
453,10.0,-2.0,8.0,0.6028276831633588
454,8.0,-5.0,3.0,0.9178374323983824
455,3.0,-3.0,1.0,0.47853019145410425
456,1.0,-4.0,0.0,0.0
457,0.0,-2.0,0.0,0.0
458,0.0,4.0,4.0,0.979503951799262
459,4.0,-5.0,0.0,0.0
460,0.0,0.0,0.0,0.3400648081556482
461,0.0,2.0,3.0,0.8822248536244858
462,3.0,-3.0,0.0,0.1448410686767556
463,0.0,-4.0,0.0,0.0
464,0.0,0.0,0.0,0.3402751610746274
465,0.0,-2.0,0.0,0.0
466,0.0,3.0,3.0,0.8563829691082044
467,3.0,-3.0,0.0,0.10883608615931761
468,0.0,2.0,2.0,0.7254300740995183
469,2.0,-3.0,0.0,0.0
470,0.0,0.0,0.0,0.07747363783583627
471,0.0,-3.0,0.0,0.0
472,0.0,4.0,4.0,0.9706846953252206
473,4.0,4.0,8.0,0.5662037168192419
474,8.0,-5.0,3.0,0.9080831295632574
475,3.0,1.0,5.0,0.9997797324156151
476,5.0,4.0,9.0,0.3158115588167174
477,9.0,1.0,10.0,0.0
478,10.0,-1.0,9.0,0.26091834288022897
479,9.0,2.0,10.0,0.0
480,10.0,-2.0,8.0,0.492349710746791
481,8.0,-3.0,6.0,0.9520945419060589
482,6.0,-5.0,1.0,0.5192508532361079
483,1.0,-3.0,0.0,0.0
484,0.0,3.0,3.0,0.898093401376898
485,3.0,-3.0,0.0,0.2610193515988103
486,0.0,1.0,2.0,0.7054897944690575
487,2.0,3.0,5.0,0.969789174271494
488,5.0,2.0,8.0,0.6144839314662847
489,8.0,-2.0,6.0,0.8573494998694902
490,6.0,3.0,10.0,0.0
491,10.0,2.0,10.0,0.0
492,10.0,1.0,10.0,0.0
493,10.0,1.0,10.0,0.0
494,10.0,0.0,10.0,0.0
495,10.0,-4.0,6.0,0.9547690604389891
496,6.0,-3.0,3.0,0.883213955350951
497,3.0,0.0,4.0,0.9777303226671307
498,4.0,-4.0,0.0,0.33456354857825776
499,0.0,0.0,1.0,0.5168747004288905
500,1.0,1.0,2.0,0.7602578891485492
501,2.0,-2.0,0.0,0.3025151176644214
502,0.0,3.0,3.0,0.9571981820934696
503,3.0,4.0,8.0,0.5172332521060625
504,8.0,-5.0,4.0,0.9840601683037801
505,4.0,3.0,8.0,0.5918850792684492
506,8.0,0.0,8.0,0.36737952817708863
507,8.0,-5.0,4.0,0.9603699182142268
508,4.0,-4.0,0.0,0.16588143878065298
509,0.0,4.0,4.0,0.9998289497574706
510,4.0,-1.0,4.0,0.9720027037797434
511,4.0,3.0,7.0,0.6772338507631969
512,7.0,4.0,10.0,0.0
513,10.0,2.0,10.0,0.0
514,10.0,-3.0,7.0,0.6761722039562705
515,7.0,3.0,10.0,0.0
516,10.0,-2.0,8.0,0.3884247656747458
517,8.0,2.0,10.0,0.0
518,10.0,-2.0,8.0,0.43307737629334564
519,8.0,2.0,10.0,0.0
520,10.0,2.0,10.0,0.0
521,10.0,1.0,10.0,0.0
522,10.0,4.0,10.0,0.0
523,10.0,-5.0,5.0,0.9755428467476471
524,5.0,-4.0,1.0,0.5989292967113703
525,1.0,-1.0,1.0,0.36810118440171735
526,1.0,3.0,4.0,0.970621955078336
527,4.0,3.0,7.0,0.7395038462986371
528,7.0,4.0,10.0,0.0
529,10.0,3.0,10.0,0.0
530,10.0,1.0,10.0,0.0
531,10.0,-1.0,9.0,0.08186837101178546
532,9.0,3.0,10.0,0.0
533,10.0,-1.0,9.0,0.31222029376014115
534,9.0,-2.0,7.0,0.7588568076245792
535,7.0,4.0,10.0,0.0
536,10.0,2.0,10.0,0.0
537,10.0,-5.0,5.0,0.9870750489235935
538,5.0,1.0,6.0,0.8557191867627174
539,6.0,3.0,10.0,0.0
540,10.0,4.0,10.0,0.0
541,10.0,4.0,10.0,0.0
542,10.0,0.0,10.0,0.0
543,10.0,0.0,10.0,0.0
544,10.0,3.0,10.0,0.0
545,10.0,4.0,10.0,0.0
546,10.0,1.0,10.0,0.0
547,10.0,3.0,10.0,0.0
548,10.0,-1.0,9.0,0.09976496266666224
549,9.0,-2.0,8.0,0.5032232777229404
550,8.0,3.0,10.0,0.0
551,10.0,4.0,10.0,0.0
552,10.0,-3.0,7.0,0.7887208592056942
553,7.0,-2.0,5.0,0.9836905673348908
554,5.0,4.0,9.0,0.013075655630268801
555,9.0,3.0,10.0,0.0
556,10.0,2.0,10.0,0.0
557,10.0,-2.0,8.0,0.6123114171435455
558,8.0,1.0,9.0,0.019838751678181277
559,9.0,3.0,10.0,0.0
560,10.0,-1.0,9.0,0.2374374586328425
561,9.0,-5.0,5.0,0.9950702303485036
562,5.0,4.0,9.0,0.19231724193698907
563,9.0,-5.0,5.0,0.998482877383777
564,5.0,2.0,8.0,0.6098854742642779
565,8.0,-3.0,5.0,0.9650528057029925
566,5.0,0.0,6.0,0.9207671645633801
567,6.0,1.0,8.0,0.6127200909747255
568,8.0,0.0,8.0,0.4337283326556335
569,8.0,-3.0,5.0,0.960630179907469
570,5.0,2.0,8.0,0.555510202337233
571,8.0,-1.0,7.0,0.7364177603914555
572,7.0,0.0,7.0,0.6415762090594481
573,7.0,-5.0,3.0,0.9373106638921366
574,3.0,0.0,4.0,0.9616031150145425
575,4.0,0.0,4.0,0.9722495457380012
576,4.0,2.0,6.0,0.8833077170811394
577,6.0,1.0,7.0,0.6400437350625986
578,7.0,-4.0,4.0,0.998146804351248
579,4.0,-2.0,3.0,0.864317721757543
580,3.0,-4.0,0.0,0.03222204083104707
581,0.0,0.0,0.0,0.10095969292133089
582,0.0,-3.0,0.0,0.0
583,0.0,-5.0,0.0,0.0
584,0.0,-5.0,0.0,0.0
585,0.0,-2.0,0.0,0.0
586,0.0,-4.0,0.0,0.0
587,0.0,3.0,3.0,0.9512662556856405
588,3.0,3.0,7.0,0.7684573489025355
589,7.0,-2.0,6.0,0.9498715981912943
590,6.0,-3.0,3.0,0.9191371523211801
591,3.0,0.0,3.0,0.9407956200994294
592,3.0,-5.0,0.0,0.0
593,0.0,3.0,3.0,0.9595473941118783
594,3.0,3.0,7.0,0.7845272595190796
595,7.0,2.0,9.0,0.08073234443766508
596,9.0,-4.0,6.0,0.9052506577332163
597,6.0,3.0,9.0,0.09017879900462011
598,9.0,2.0,10.0,0.0
599,10.0,1.0,10.0,0.0
600,10.0,-2.0,8.0,0.6073331592849245
601,8.0,4.0,10.0,0.0
602,10.0,-2.0,8.0,0.5944760512863152
603,8.0,-5.0,4.0,0.9633569379697305
604,4.0,2.0,6.0,0.9140623262130876
605,6.0,4.0,10.0,0.0
606,10.0,3.0,10.0,0.0
607,10.0,-3.0,7.0,0.7031232825713856
608,7.0,4.0,10.0,0.0
609,10.0,-2.0,8.0,0.6061481233208363
610,8.0,2.0,10.0,0.0
611,10.0,1.0,10.0,0.0
612,10.0,-1.0,9.0,0.25154809296095415
613,9.0,1.0,10.0,0.0
614,10.0,-1.0,9.0,0.32153771507381845
615,9.0,-1.0,8.0,0.5997565907224927
616,8.0,-3.0,5.0,0.9972535625130947
617,5.0,0.0,5.0,0.9838097397370535
618,5.0,-2.0,3.0,0.9568201138715081
619,3.0,-4.0,0.0,0.04121749365915772
620,0.0,2.0,2.0,0.7071098033584886
621,2.0,-2.0,0.0,0.24028073047819787
622,0.0,3.0,4.0,0.9835313894173088
623,4.0,2.0,7.0,0.7934154954550088
624,7.0,-1.0,6.0,0.932329868442086
625,6.0,1.0,7.0,0.7307791108347119
626,7.0,-3.0,4.0,0.9985804074499218
627,4.0,1.0,6.0,0.878529145976009
628,6.0,0.0,7.0,0.8298147911180711
629,7.0,4.0,10.0,0.0
630,10.0,0.0,10.0,0.0
631,10.0,4.0,10.0,0.0
632,10.0,-3.0,7.0,0.7576378573561819
633,7.0,-2.0,5.0,0.9844547071148034
634,5.0,-3.0,3.0,0.8886851119807564
635,3.0,0.0,3.0,0.9024925146866082
636,3.0,-1.0,3.0,0.8649194074382949
637,3.0,2.0,5.0,0.9786349867119865
638,5.0,1.0,7.0,0.794768122630488
639,7.0,-5.0,3.0,0.8560815580283763
640,3.0,0.0,3.0,0.9002838039509959
641,3.0,-4.0,0.0,0.08753730693168538
642,0.0,-5.0,0.0,0.0
643,0.0,3.0,3.0,0.9398167426339274
644,3.0,4.0,7.0,0.6763017664397848
645,7.0,3.0,10.0,0.0
646,10.0,-4.0,6.0,0.8416943836743263
647,6.0,-4.0,3.0,0.9579998718219089
648,3.0,0.0,4.0,0.9794625752490124
649,4.0,-5.0,0.0,0.0
650,0.0,0.0,0.0,0.3155123482390041
651,0.0,-4.0,0.0,0.0
652,0.0,2.0,2.0,0.7462970476323696
653,2.0,-4.0,0.0,0.0
654,0.0,0.0,0.0,0.28559872993881785
655,0.0,3.0,4.0,0.9920324160321952
656,4.0,2.0,6.0,0.8614417416310455
657,6.0,2.0,8.0,0.3761540411240578
658,8.0,1.0,10.0,0.0
659,10.0,-2.0,8.0,0.5812047714156507
660,8.0,-4.0,4.0,0.978393749271237
661,4.0,3.0,7.0,0.6494652212392478
662,7.0,-1.0,7.0,0.8165769381755195
663,7.0,-3.0,4.0,0.9992798484772315
664,4.0,3.0,8.0,0.4234619534922257
665,8.0,4.0,10.0,0.0
666,10.0,-4.0,6.0,0.8485613635925233
667,6.0,-5.0,2.0,0.8247136847640634
668,2.0,-4.0,0.0,0.0
669,0.0,-1.0,0.0,0.0
670,0.0,3.0,3.0,0.8999106785531306
671,3.0,2.0,5.0,0.9837579820796553
672,5.0,-5.0,1.0,0.4372739269174234
673,1.0,-2.0,0.0,0.0
674,0.0,0.0,0.0,0.2165746283320602
675,0.0,-3.0,0.0,0.0
676,0.0,-2.0,0.0,0.0
677,0.0,-4.0,0.0,0.0
678,0.0,-2.0,0.0,0.0
679,0.0,-3.0,0.0,0.0
680,0.0,2.0,2.0,0.8343013703658022
681,2.0,-5.0,0.0,0.0
682,0.0,0.0,0.0,0.125387882265239
683,0.0,-1.0,0.0,0.0
684,0.0,-5.0,0.0,0.0
685,0.0,2.0,2.0,0.8283575100731079
686,2.0,-3.0,0.0,0.31884917726579276
687,0.0,3.0,4.0,0.9923142743467589
688,4.0,-3.0,2.0,0.70375349792626
689,2.0,2.0,4.0,0.9898945210918659
690,4.0,-3.0,1.0,0.6254682900818964
691,1.0,-3.0,0.0,0.0
692,0.0,0.0,0.0,0.2260238654955864
693,0.0,2.0,3.0,0.877248912132358
694,3.0,2.0,6.0,0.9587196267304554
695,6.0,1.0,7.0,0.6458439870593153
696,7.0,-2.0,6.0,0.8685049860018385
697,6.0,-5.0,1.0,0.599974447277846
698,1.0,-5.0,0.0,0.0
699,0.0,0.0,0.0,0.3241645181543982
700,0.0,-5.0,0.0,0.0
701,0.0,-5.0,0.0,0.0
702,0.0,-2.0,0.0,0.0
703,0.0,-4.0,0.0,0.0
704,0.0,3.0,3.0,0.8704688080871571
705,3.0,3.0,6.0,0.8479325688144479
706,6.0,0.0,7.0,0.6993746125940004
707,7.0,-2.0,6.0,0.9588357271250325
708,6.0,-1.0,5.0,0.9866064717248736
709,5.0,-3.0,2.0,0.7999700647827668
710,2.0,-2.0,1.0,0.5612275254906851
711,1.0,4.0,6.0,0.9339739692032607
712,6.0,2.0,8.0,0.5269597442849565
713,8.0,3.0,10.0,0.0
714,10.0,4.0,10.0,0.0
715,10.0,-1.0,9.0,0.34967922779825555
716,9.0,-5.0,4.0,0.9896185995625615
717,4.0,-3.0,1.0,0.5589051228575348
718,1.0,2.0,4.0,0.9905238544539189
719,4.0,2.0,6.0,0.8541021002209508
720,6.0,-3.0,4.0,0.9897629933665519
721,4.0,-3.0,2.0,0.6694859441514593
722,2.0,2.0,4.0,0.9946472679568147
723,4.0,-3.0,2.0,0.7142179032467743
724,2.0,0.0,2.0,0.7681508226843045
725,2.0,4.0,7.0,0.831832544405388
726,7.0,0.0,7.0,0.7418374875350113
727,7.0,-2.0,6.0,0.9093496720075733
728,6.0,4.0,10.0,0.0
729,10.0,-4.0,6.0,0.9098934242349211
730,6.0,1.0,7.0,0.7332507241500936
731,7.0,1.0,8.0,0.4529881077988338
732,8.0,-3.0,6.0,0.8854915585862261
733,6.0,3.0,9.0,0.003358950505235936
734,9.0,-3.0,7.0,0.7842438043441216
735,7.0,-4.0,4.0,0.9761381856390052
736,4.0,0.0,4.0,0.9893359215390063
737,4.0,-3.0,1.0,0.599253192840995
738,1.0,0.0,1.0,0.6394692073647076
739,1.0,-4.0,0.0,0.0
740,0.0,-2.0,0.0,0.0
741,0.0,1.0,1.0,0.5685161571471682
742,1.0,-3.0,0.0,0.0
743,0.0,-3.0,0.0,0.0
744,0.0,-4.0,0.0,0.0
745,0.0,0.0,0.0,0.3248094256096048
746,0.0,-2.0,0.0,0.0
747,0.0,-2.0,0.0,0.0
748,0.0,-3.0,0.0,0.0
749,0.0,-2.0,0.0,0.0
750,0.0,-1.0,0.0,0.0
751,0.0,-5.0,0.0,0.0
752,0.0,4.0,4.0,0.998394322174442
753,4.0,-4.0,1.0,0.4714416226716196
754,1.0,-1.0,1.0,0.37295436875086174
755,1.0,-2.0,0.0,0.0
756,0.0,-1.0,0.0,0.0
757,0.0,0.0,0.0,0.12786462650652708
758,0.0,-1.0,0.0,0.06383747224270453
759,0.0,-1.0,0.0,0.01248121072160846
760,0.0,4.0,4.0,0.9937737000957322
761,4.0,-4.0,1.0,0.4425234585748701
762,1.0,4.0,5.0,0.9897344482548696
763,5.0,4.0,10.0,0.0
764,10.0,1.0,10.0,0.0
765,10.0,4.0,10.0,0.0
766,10.0,2.0,10.0,0.0
767,10.0,4.0,10.0,0.0
768,10.0,-2.0,8.0,0.4273920968428394
769,8.0,-4.0,5.0,0.998527952281427
770,5.0,-4.0,2.0,0.6576258551724423
771,2.0,-3.0,0.0,0.0
772,0.0,4.0,4.0,0.9843501306948033
773,4.0,0.0,4.0,0.999996817107889
774,4.0,-2.0,3.0,0.8709295275749191
775,3.0,1.0,5.0,0.9998314194828712
776,5.0,3.0,8.0,0.5959799531156678
777,8.0,4.0,10.0,0.0
778,10.0,4.0,10.0,0.0
779,10.0,-4.0,6.0,0.8992630645480434
780,6.0,3.0,10.0,0.0
781,10.0,-3.0,7.0,0.8004190115593333
782,7.0,-5.0,3.0,0.8589096515949841
783,3.0,-4.0,0.0,0.0
784,0.0,4.0,4.0,0.9974703796220498
785,4.0,2.0,7.0,0.8396162320192025
786,7.0,-1.0,6.0,0.841938584296936
787,6.0,2.0,9.0,0.0988951169393778
788,9.0,4.0,10.0,0.0
789,10.0,1.0,10.0,0.0
790,10.0,0.0,10.0,0.0
791,10.0,-3.0,7.0,0.6617855942741551
792,7.0,-2.0,6.0,0.9534581198541962
793,6.0,4.0,10.0,0.0
794,10.0,3.0,10.0,0.0
795,10.0,2.0,10.0,0.0
796,10.0,4.0,10.0,0.0
797,10.0,3.0,10.0,0.0
798,10.0,1.0,10.0,0.0
799,10.0,-1.0,9.0,0.06184038836940087
800,9.0,-2.0,8.0,0.6257396288506059
801,8.0,1.0,9.0,0.12536155726169496
802,9.0,-5.0,5.0,0.989422010185447
803,5.0,1.0,7.0,0.8383601123943089
804,7.0,2.0,10.0,0.0
805,10.0,-4.0,6.0,0.864351585488424
806,6.0,3.0,10.0,0.0
807,10.0,0.0,10.0,0.0
808,10.0,-3.0,7.0,0.7801242042956671
809,7.0,-4.0,4.0,0.9750055486883401
810,4.0,3.0,7.0,0.7434819326093013
811,7.0,3.0,10.0,0.0
812,10.0,-2.0,8.0,0.4654488982472187
813,8.0,-1.0,7.0,0.7110861507971703
814,7.0,-1.0,7.0,0.7185130468614968
815,7.0,-4.0,4.0,0.9867616844313695
816,4.0,0.0,4.0,0.9986046887650585
817,4.0,-1.0,4.0,0.9671829902812964
818,4.0,1.0,6.0,0.9535536705506007
819,6.0,3.0,9.0,0.03444395333164241
820,9.0,2.0,10.0,0.0
821,10.0,1.0,10.0,0.0
822,10.0,0.0,10.0,0.0
823,10.0,-4.0,6.0,0.9584350950467356
824,6.0,-4.0,2.0,0.7915425123854565
825,2.0,-1.0,1.0,0.5825309154081957
826,1.0,3.0,5.0,0.9962413066835313
827,5.0,-1.0,4.0,0.9922828446421845
828,4.0,-1.0,4.0,0.9649076617088791
829,4.0,3.0,7.0,0.6944667716211171
830,7.0,-5.0,3.0,0.9351166886986054
831,3.0,-1.0,3.0,0.8513292853646808
832,3.0,0.0,3.0,0.8870873354733695
833,3.0,-1.0,3.0,0.8701002327566542
834,3.0,2.0,5.0,0.9860210422290393
835,5.0,2.0,8.0,0.5125975410457195
836,8.0,1.0,9.0,0.13324699505267068
837,9.0,-3.0,7.0,0.7251021495214349
838,7.0,-5.0,3.0,0.9200474180483648
839,3.0,1.0,5.0,0.9959386965657906
840,5.0,0.0,5.0,0.9833638405275867
841,5.0,-4.0,1.0,0.6041087740667093
842,1.0,-4.0,0.0,0.0
843,0.0,1.0,1.0,0.408402615717957
844,1.0,-5.0,0.0,0.0
845,0.0,4.0,4.0,0.9725254245010664
846,4.0,-4.0,0.0,0.27309153945322395
847,0.0,-2.0,0.0,0.0
848,0.0,-2.0,0.0,0.0
849,0.0,-2.0,0.0,0.0
850,0.0,1.0,1.0,0.3777415778452273
851,1.0,0.0,1.0,0.411599944922452
852,1.0,-2.0,0.0,0.0
853,0.0,4.0,4.0,0.9820209824947659
854,4.0,-2.0,3.0,0.8441318670673491
855,3.0,-1.0,2.0,0.6479043659999921
856,2.0,-3.0,0.0,0.0
857,0.0,-4.0,0.0,0.0
858,0.0,-2.0,0.0,0.0
859,0.0,-1.0,0.0,0.0
860,0.0,-1.0,0.0,0.0
861,0.0,4.0,4.0,0.9980427889864337
862,4.0,4.0,9.0,0.11184410397350375
863,9.0,1.0,10.0,0.0
864,10.0,-4.0,6.0,0.9496762122412378
865,6.0,-3.0,3.0,0.9225993933140566
866,3.0,-4.0,0.0,0.0
867,0.0,-5.0,0.0,0.0
868,0.0,-3.0,0.0,0.0
869,0.0,-5.0,0.0,0.0
870,0.0,4.0,4.0,0.9927902264917964
871,4.0,-2.0,3.0,0.8803286271085804
872,3.0,1.0,4.0,0.9961969470219917
873,4.0,-4.0,1.0,0.388143715089157
874,1.0,-4.0,0.0,0.0
875,0.0,1.0,1.0,0.61476578421939
876,1.0,-4.0,0.0,0.0
877,0.0,2.0,2.0,0.6796574131899638
878,2.0,0.0,2.0,0.7272975142940732
879,2.0,0.0,2.0,0.8399659977854435
880,2.0,2.0,5.0,0.9993674128613379
881,5.0,-5.0,0.0,0.3529807153514547
882,0.0,-2.0,0.0,0.0
883,0.0,-1.0,0.0,0.0
884,0.0,1.0,1.0,0.41002255865532844
885,1.0,-4.0,0.0,0.0
886,0.0,-3.0,0.0,0.0
887,0.0,-4.0,0.0,0.0
888,0.0,0.0,0.0,0.06282223881506199
889,0.0,1.0,1.0,0.5230870001714578
890,1.0,-1.0,0.0,0.3522191801614827
891,0.0,-4.0,0.0,0.0
892,0.0,0.0,0.0,0.06291362076861551
893,0.0,-5.0,0.0,0.0
894,0.0,4.0,4.0,0.9950034626453722
895,4.0,3.0,8.0,0.5325449333362713
896,8.0,1.0,9.0,0.13033566231033122
897,9.0,0.0,9.0,0.06097740356758874
898,9.0,-3.0,7.0,0.7238685710817874
899,7.0,-5.0,2.0,0.7856985891025713
900,2.0,-2.0,0.0,0.32149176863974194
901,0.0,-2.0,0.0,0.0
902,0.0,-5.0,0.0,0.0
903,0.0,-3.0,0.0,0.0
904,0.0,-4.0,0.0,0.0
905,0.0,-2.0,0.0,0.0
906,0.0,-3.0,0.0,0.0
907,0.0,-4.0,0.0,0.0
908,0.0,0.0,0.0,0.2943810860127999
909,0.0,-3.0,0.0,0.0
910,0.0,3.0,3.0,0.9546625029030483
911,3.0,4.0,8.0,0.4601791806134783
912,8.0,-1.0,8.0,0.4623509553557531
913,8.0,-2.0,7.0,0.8078449779979769
914,7.0,-5.0,2.0,0.765935437032033
915,2.0,-2.0,0.0,0.25627230246615684
916,0.0,2.0,3.0,0.9308048849761397
917,3.0,-5.0,0.0,0.0
918,0.0,-5.0,0.0,0.0
919,0.0,1.0,1.0,0.37265391980562956
920,1.0,3.0,4.0,0.9788035561057176
921,4.0,4.0,8.0,0.46291445658982366
922,8.0,1.0,10.0,0.0
923,10.0,2.0,10.0,0.0
924,10.0,-2.0,8.0,0.5506789211161542
925,8.0,3.0,10.0,0.0
926,10.0,3.0,10.0,0.0
927,10.0,1.0,10.0,0.0
928,10.0,-2.0,8.0,0.40745263830791123
929,8.0,-5.0,4.0,0.9793969465271808
930,4.0,0.0,4.0,0.9999967340203302
931,4.0,4.0,9.0,0.2620310344150648
932,9.0,4.0,10.0,0.0
933,10.0,1.0,10.0,0.0
934,10.0,1.0,10.0,0.0
935,10.0,-4.0,6.0,0.9541965278602514
936,6.0,3.0,9.0,0.22869300309803797
937,9.0,4.0,10.0,0.0
938,10.0,3.0,10.0,0.0
939,10.0,-3.0,7.0,0.7701763300121434
940,7.0,2.0,9.0,0.19649794191578507
941,9.0,2.0,10.0,0.0
942,10.0,-5.0,5.0,0.9915136806510159
943,5.0,-4.0,1.0,0.5858135842113052
944,1.0,-3.0,0.0,0.0
945,0.0,-4.0,0.0,0.0
946,0.0,-5.0,0.0,0.0
947,0.0,-2.0,0.0,0.0
948,0.0,-4.0,0.0,0.0
949,0.0,2.0,2.0,0.7931048385672954
950,2.0,1.0,4.0,0.9962467615739902
951,4.0,-3.0,2.0,0.6844378694868403
952,2.0,0.0,2.0,0.7125931809286175
953,2.0,-3.0,0.0,0.11832442197911186
954,0.0,-5.0,0.0,0.0
955,0.0,2.0,2.0,0.7498574580551023
956,2.0,2.0,5.0,0.9993836071643628
957,5.0,-3.0,2.0,0.8000650035578213
958,2.0,4.0,7.0,0.8060526824397586
959,7.0,-5.0,2.0,0.7404344186305191
960,2.0,-2.0,1.0,0.39599085230755515
961,1.0,4.0,5.0,0.9617388505308431
962,5.0,2.0,8.0,0.5002079472694768
963,8.0,2.0,10.0,0.0
964,10.0,4.0,10.0,0.0
965,10.0,-5.0,5.0,0.9969972293814591
966,5.0,-1.0,4.0,0.9978515268591722
967,4.0,-1.0,4.0,0.9963943638624083
968,4.0,1.0,5.0,0.9761540805628746
969,5.0,0.0,6.0,0.897831841758495
970,6.0,2.0,9.0,0.30953644533615265
971,9.0,0.0,9.0,0.18394646631956568
972,9.0,-5.0,5.0,0.9975558864407669
973,5.0,-5.0,1.0,0.36796722959093797
974,1.0,-1.0,0.0,0.17066861469965278
975,0.0,3.0,3.0,0.9365947420750133
976,3.0,1.0,5.0,0.9948867159344909
977,5.0,-1.0,5.0,0.9999708612966108
978,5.0,-2.0,3.0,0.8935028026713848
979,3.0,-4.0,0.0,0.0
980,0.0,4.0,4.0,0.9936438714734431
981,4.0,-2.0,3.0,0.885163979739312
982,3.0,1.0,5.0,0.9985713782726007
983,5.0,0.0,6.0,0.9528702996439458
984,6.0,1.0,7.0,0.7432927391768134
985,7.0,-3.0,5.0,0.9957852806166461
986,5.0,1.0,7.0,0.7870955778727868
987,7.0,-2.0,6.0,0.9578017109151181
988,6.0,3.0,9.0,0.18106761175943187
989,9.0,-1.0,9.0,0.3146873452750122
990,9.0,2.0,10.0,0.0
991,10.0,-4.0,6.0,0.9462003232197193
992,6.0,-4.0,2.0,0.8337715379512026
993,2.0,-3.0,0.0,0.20140051229965228
994,0.0,-3.0,0.0,0.0
995,0.0,2.0,2.0,0.6668853632840389
996,2.0,2.0,4.0,0.977273777718702
997,4.0,-5.0,0.0,0.00827502094827437
998,0.0,0.0,0.0,0.20204970240616726
999,0.0,-1.0,0.0,0.015873961798577918
